split,auc_mean,auc_std,pr_mean,pr_std
random,0.8078149920255184,,0.917312653498516,
scaffold,0.8362337662337662,,0.9283940792115931,
cluster,0.779428341384863,,0.8796711154044949,
