set,n,pos,neg,auc,acc,sensitivity,specificity
naive,7805,4956,2849,0.965642299480072,0.8664958360025624,0.9788135593220338,0.6711126711126711
dedup,6119,3583,2536,0.9585386565194385,0.8444190227161301,0.974044097125314,0.6612776025236593
